hood_id,neighbourhood_name,crime_incidents,violent_incidents,unique_mci_categories,centroid_lat,centroid_lon,violent_crime_ratio,rent_listings,median_rent,mean_rent,restaurant_count,avg_restaurant_price,nearest_subway_km,rent_data_missing,restaurant_price_missing,log_crime_incidents,log_rent_listings,log_restaurant_count,cluster,pc1,pc2,affordability_score,safety_score,amenity_score,emerging_score
95,Annex,2917,1723,5,43.67053616976345,-79.40190007027769,0.5906753513884128,12.0,1967.5,2246.9166666666665,557.0,23.478571428571428,0.31639426359531486,0,0,7.978653729082731,2.5649493574615367,6.324358962381311,0,3.166223137685131,-0.6562640529409344,0.0242547587320541,-1.1712249827488008,4.104431918502575,0.8896639842189539
34,Bathurst Manor,727,359,5,43.760164540715266,-79.45312921540578,0.4938101788170564,2.0,1600.0,1600.0,81.0,18.73015873015873,1.4128631514609524,0,0,6.590301048196686,1.0986122886681098,4.406719247264253,0,0.575657416776228,-1.1826191808955606,0.2642369388790127,0.6069699698906917,0.2552420576965834,0.3643583838277876
76,Bay Street Corridor,6817,5354,5,43.65710738470002,-79.38357246127329,0.7853894675077013,66.0,2100.0,2146.9242424242425,609.0,19.228381374722836,0.21474567617476711,0,0,8.827321452697849,4.204692619390966,6.413458957167357,0,4.754409584369005,1.1664422944592794,-0.06226942866786973,-4.337873528545158,4.517260988219844,0.028908466435257907
112,Beechborough-Greenbrook,605,434,5,43.69303457636364,-79.47654780892563,0.7173553719008264,4.0,1850.0,1850.0,26.0,15.11111111111111,3.320035706424847,0,0,6.406879986069314,1.6094379124341003,3.295836866004329,0,0.46716007904048573,0.3741499784531158,0.10098375510557146,0.7060292320925264,-0.9426696235346435,-0.03059861539040648
122,Birchcliffe-Cliffside,1730,1147,5,43.697526491329484,-79.26179743144509,0.6630057803468208,1.0,1700.0,1700.0,51.0,16.865384615384617,2.051014604891123,0,0,7.456454555176209,0.6931471805599453,3.9512437185814275,0,0.9088052777178581,0.45904558882773516,0.19893566536963617,-0.20742707919488412,-0.22806352747241201,-0.051072915852334366
69,Blake-Jones,679,498,5,43.677185111929305,-79.33840903313697,0.7334315169366715,3.0,1300.0,1525.0,114.0,16.789473684210527,0.43006105026236835,0,0,6.522092798170152,1.3862943611198906,4.74493212836325,0,1.3910453574702475,-0.13000335888704492,0.46014075940714205,0.6459441058389546,0.905673105748286,0.649541467239029
71,Cabbagetown-South St.James Town,1223,737,5,43.66540957710548,-79.37039532493867,0.6026165167620605,8.0,1785.0,1830.0,86.0,18.907692307692308,0.9038236816892398,0,0,7.1098794630722715,2.1972245773362196,4.465908118654584,0,1.6845560290444905,-0.503026223554819,0.14342958288666616,0.20423723175864225,0.5061291387360205,0.27048174430306526
96,Casa Loma,480,254,5,43.68180614979167,-79.41054982249999,0.5291666666666667,3.0,2100.0,1883.3333333333333,24.0,20.238095238095237,0.5222860534277591,0,0,6.175867270105761,1.3862943611198906,3.2188758248682006,0,0.26716813206639695,-1.6850552536579422,-0.06226942866786973,0.8075243777911276,0.22656901581498723,0.2853202466146865
75,Church-Yonge Corridor,6232,4671,5,43.659558078465984,-79.37959879241014,0.7495186136071887,83.0,2200.0,2297.5662650602408,359.0,18.27922077922078,0.2849137392661718,0,0,8.73761303680885,4.430816798843313,5.886104031450156,0,4.509046604175906,1.065706635628085,-0.1275707021772462,-3.8628762466757043,2.709545011251036,-0.3970276514982988
33,Clanton Park,1117,525,5,43.74106110743062,-79.44441811065354,0.4700089525514772,2.0,1997.0,1997.0,83.0,19.127906976744185,0.8612308597585124,0,0,7.0192966537150445,1.0986122886681098,4.430816798843313,0,0.8454072243730727,-1.2110155479052542,0.004990883046788038,0.2903051153110561,0.5028097137363388,0.23993080193293365
92,Corso Italia-Davenport,918,657,5,43.67757275315904,-79.44556018159042,0.7156862745098039,5.0,1650.0,1890.0,82.0,17.80701754385965,2.0648950779495006,0,0,6.823286122355687,1.791759469228055,4.418840607796598,0,1.4001991807909535,0.13791793624678775,0.2315863021243244,0.45188538726322913,-0.013458761230490945,0.22416250865955123
47,Don Valley Village,1495,947,5,43.781062346889634,-79.35065938789297,0.6334448160535117,1.0,1927.0,1927.0,151.0,19.072,0.7397356793696818,0,0,7.310550158534422,0.6931471805599453,5.0238805208462765,0,1.397062635831166,-0.335822004085431,0.050701774503351574,-0.0166162052815139,1.0378282063002726,0.3266443101069682
93,Dovercourt-Wallace Emerson-Junction,2639,1751,5,43.66456112807882,-79.4389223027662,0.6635089048882152,6.0,1554.5,1663.1666666666667,29.0,17.09090909090909,0.5560950683025516,0,0,7.878534196140362,1.9459101490553132,3.4011973816621555,0,1.685673177552144,0.5196160687012155,0.29394901832577897,-0.9454997787151118,0.2478283138221269,-0.0917218321375839
83,Dufferin Grove,1049,748,5,43.65630061687321,-79.43689288388943,0.7130600571973308,8.0,1737.0,1723.625,189.0,24.44551282051282,0.45700340211301804,0,0,6.956545443151569,2.1972245773362196,5.247024072160486,0,2.303992350342343,-0.81904853385984,0.17477419417116688,0.3455184745710951,1.427686702709548,0.6018712308526597
62,East End-Danforth,1895,1273,5,43.68550142854881,-79.30045227387863,0.6717678100263852,2.0,1700.0,1700.0,93.0,17.67241379310345,0.40519120475805026,0,0,7.547501682814967,1.0986122886681098,4.543294782270004,0,1.6123280390776806,0.14998555200828687,0.19893566536963617,-0.3414006715170377,0.7668382828240101,0.2072055495399462
32,Englemount-Lawrence,1248,762,5,43.72124888886218,-79.43706488669872,0.6105769230769231,2.0,1325.0,1325.0,32.0,25.766666666666666,0.8673593917920768,0,0,7.130098510125578,1.0986122886681098,3.4965075614664802,0,0.9494854789193294,-1.032849482659265,0.443815441029798,0.18393820261892202,0.13749827122298208,0.2739571185644904
44,Flemingdon Park,1163,967,5,43.71557829337919,-79.33169952407567,0.8314703353396389,1.0,700.0,700.0,40.0,17.23913043478261,3.563019814346713,0,0,7.059617628291383,0.6931471805599453,3.713572066704308,0,0.7587990914101457,1.3619949853511557,0.8519484004634009,0.25295490169397084,-0.9458832547990534,0.13290085425383558
101,Forest Hill South,494,145,5,43.69326867591093,-79.41572868724695,0.2935222672064777,2.0,1617.0,1617.0,16.0,19.545454545454547,0.9196792927838159,0,0,6.20455776256869,1.0986122886681098,2.833213344056216,0,-0.581635502045872,-2.4150479546741033,0.25313572238241866,0.7961569214728843,0.0015724671575184646,0.3405731055420883
53,Henry Farm,787,493,5,43.77268149695044,-79.34012174930115,0.6264294790343075,1.0,2000.0,2000.0,95.0,19.174242424242426,0.553508693638232,0,0,6.669498089857879,0.6931471805599453,4.564348191467836,0,0.8995363796725829,-0.8509224323867178,0.0030318448415067437,0.5582522999553632,0.7183234759021271,0.3841854706938498
78,Kensington-Chinatown,3823,2593,5,43.653542841982734,-79.39799602801465,0.6782631441276484,32.0,2025.0,2121.34375,612.0,17.376436781609197,0.7949711932188108,0,0,8.249052274171293,3.4965075614664802,6.418364935936212,0,3.7873297997140956,0.6144818061082449,-0.013293473535837375,-1.9068617987722623,4.293158936773953,0.7105717519861722
114,Lambton Baby Point,353,218,5,43.659599358923515,-79.49589196005665,0.6175637393767706,1.0,1100.0,1100.0,12.0,23.75,1.0939538658079604,0,0,5.869296913133774,0.6931471805599453,2.5649493574615367,0,-0.312665700057582,-1.5409213772594252,0.590743306425895,0.9106434458209064,-0.1005951521378976,0.4793118106752607
84,Little Portugal,1015,629,5,43.647048675172414,-79.42884552433497,0.6197044334975369,17.0,2000.0,2036.2941176470588,127.0,21.965,1.5608199322347613,0,0,6.923628628138427,2.8903717578961645,4.852030263919617,0,2.0810809830513493,-0.8203880843156413,0.0030318448415067437,0.3731251542011146,0.5198139068159656,0.2690944562417268
19,Long Branch,725,457,5,43.593292806068966,-79.53230988910344,0.6303448275862069,2.0,1375.0,1375.0,194.0,18.46014492753623,4.93524591119838,0,0,6.587550014824796,1.0986122886681098,5.272999558563747,0,0.7502523354518544,0.07491650347753083,0.4111648042751097,0.6085938922218693,-0.43107289769588897,0.217722220067838
17,Mimico (includes Humber Bay Shores),2568,1899,5,43.61582528609813,-79.49955846522585,0.7394859813084113,6.0,2325.0,2008.3333333333333,96.0,18.54225352112676,3.719925623910866,0,0,7.851271997109883,1.9459101490553132,4.574710978503383,0,1.94617857859097,1.0332720807969953,-0.2091972940639668,-0.8878505359583064,-0.613975511645737,-0.5342267319067997
73,Moss Park,4786,3601,5,43.65710394515253,-79.36955917595068,0.7524028416213957,55.0,2200.0,2213.9636363636364,386.0,20.735576923076923,0.9229243658696016,0,0,8.473659189392508,4.02535169073515,5.958424693029782,0,4.18584301080786,0.7504507058056539,-0.1275707021772462,-2.6887804012342857,2.631690865946831,-0.06815514145713497
104,Mount Pleasant West,1293,775,5,43.70538252598608,-79.39465490835266,0.5993812838360402,1.0,2800.0,2800.0,211.0,30.695054945054945,0.32218541633041725,0,0,7.165493475060845,0.6931471805599453,5.356586274672012,0,1.682997826166541,-2.064907185308817,-0.5193783432335051,0.1473999501674256,1.641182461769712,0.3288233862877392
82,Niagara,2465,1705,5,43.64020939679513,-79.41064366219068,0.691683569979716,64.0,2300.0,2383.421875,209.0,20.58529411764706,2.2386328428745688,0,0,7.81035268372429,4.174387269895637,5.3471075307174685,0,3.3824366251978946,0.28952710745934696,-0.19287197568662268,-0.804218535902659,0.8162907778905699,-0.07352711767827583
74,North St.James Town,1721,1199,5,43.66922030546194,-79.37456313579314,0.6966879721092388,57.0,2000.0,30212.929824561405,206.0,17.705479452054796,0.37100873127310363,0,0,7.451241684987676,4.060443010546419,5.332718793265369,0,3.3146676196937066,0.08394719722186929,0.0030318448415067437,-0.20011942870458482,1.5849692507657673,0.4166676845549574
80,Palmerston-Little Italy,1053,649,5,43.66004565432099,-79.41856078091169,0.6163342830009497,1.0,65.0,65.0,249.0,19.305,0.45174894497888163,0,0,6.960347729101308,0.6931471805599453,5.521460917862246,0,1.3529455064883478,-0.36533277906065187,1.2666114872479415,0.34227062990873985,1.8566376494451338,1.1663170787053385
46,Pleasant View,570,347,5,43.78765919,-79.33391418789473,0.6087719298245614,1.0,2500.0,2500.0,23.0,17.533333333333335,1.6754078774091958,0,0,6.3473892096560105,0.6931471805599453,3.1780538303479458,0,0.003958953061099316,-0.8154896684784934,-0.32347452270537563,0.7344478728881347,-0.2683197588123613,0.010448625140581785
72,Regent Park,1052,761,5,43.65991699971483,-79.36114791359316,0.723384030418251,31.0,2500.0,2476.451612903226,66.0,26.15686274509804,1.638377803825162,0,0,6.959398512133975,3.4657359027997265,4.204692619390966,0,2.426636553211873,-0.8436533073631892,-0.32347452270537563,0.34308259107432865,0.053166094907054595,-0.010515203287735291
86,Roncesvalles,1138,700,5,43.64450996546573,-79.44150097724076,0.6151142355008787,2.0,2500.0,2500.0,111.0,19.191011235955056,1.6268968461340065,0,0,7.037905963447182,1.0986122886681098,4.718498871295094,0,1.197633931279704,-0.5607037551362651,-0.32347452270537563,0.27325393083369104,0.37806881345626275,0.06600701420483587
98,Rosedale-Moore Park,1276,698,5,43.678897442163006,-79.38453488667712,0.5470219435736677,2.0,2175.0,2175.0,95.0,21.007142857142856,0.4197722528888725,0,0,7.152268856032539,1.0986122886681098,4.564348191467836,0,1.2272343602416342,-1.1060390492661372,-0.11124538379990209,0.16120328998243535,0.7748946983858801,0.2363312429905338
85,South Parkdale,2121,1557,5,43.638336542809995,-79.43381993078737,0.7340876944837341,25.0,1929.0,2044.4,244.0,16.65158371040724,2.420095090991265,0,0,7.660114319173928,3.258096538021482,5.501258210544727,0,2.9168334557841433,0.8773296128985791,0.049395749033164044,-0.5249038949401086,0.9884561182837888,0.15882396661636963
70,South Riverdale,2726,1760,5,43.66064683272194,-79.34131217090976,0.6456346294937637,1.0,2100.0,2100.0,163.0,19.20863309352518,2.152544969599193,0,0,7.910957382845589,0.6931471805599453,5.099866427824199,0,1.596497410847547,0.33791420315896514,-0.06226942866786973,-1.0161404001213383,0.5255480533440475,-0.17208547550033512
61,Taylor-Massey,1147,794,5,43.6941264956408,-79.29521113722755,0.6922406277244987,2.0,900.0,900.0,24.0,14.941176470588236,0.5224817030881443,0,0,7.045776576879511,1.0986122886681098,3.2188758248682006,0,0.7916277853714558,0.42344676658254177,0.721345853444648,0.2659462803433918,0.2264862549728074,0.436268101972719
63,The Beaches,1116,685,5,43.671719019802865,-79.29887073512545,0.6137992831541219,1.0,1300.0,1300.0,152.0,19.977777777777778,1.9394925500123015,0,0,7.018401799069201,0.6931471805599453,5.030437921392435,0,1.0551107244982825,-0.3699851513145118,0.46014075940714205,0.29111707647664486,0.5374368361515445,0.43262247755131367
79,University,1455,944,5,43.66272468604811,-79.40360189106529,0.6487972508591066,5.0,1000.0,1090.0,282.0,18.36150234741784,0.6527247632323642,0,0,7.283448228756631,1.791759469228055,5.645446897643238,0,2.1355521824262835,-0.06545515690981428,0.6560445799352715,0.015862241342038473,2.006324370240634,0.8690738154489103
43,Victoria Village,1158,795,5,43.72670465069084,-79.30806476295336,0.6865284974093264,1.0,1850.0,1850.0,79.0,15.03125,2.9056155487824,0,0,7.055312843339752,0.6931471805599453,4.382026634673881,0,0.7800864739719614,0.5738438870774814,0.10098375510557146,0.25701470752191485,-0.39042438563395687,0.0003705986086159907
77,Waterfront Communities-The Island,7747,5604,5,43.64515718942816,-79.38785159820576,0.7233767910158772,283.0,2400.0,2564.6607773851592,1184.0,21.348677248677248,0.37858743488500635,0,0,8.955190024526887,5.648974238161206,7.077498053569231,0,5.648064284568489,0.706080978346692,-0.25817324919599915,-5.092997412542751,8.5374344408614,0.9300618088171952
35,Westminster-Branson,1218,753,5,43.78104048973728,-79.44916259425287,0.6182266009852216,2.0,1867.0,1867.0,255.0,20.21556886227545,2.6705754838027946,0,0,7.105786129481271,1.0986122886681098,5.545177444479562,0,1.4291397323394206,-0.3245427168619265,0.08988253860897746,0.2082970375865863,0.96073510464569,0.3866626581132739
113,Weston,1942,1329,5,43.70213819093718,-79.51609660205973,0.684346035015448,11.0,1799.0,1742.0,56.0,14.0,5.9815044652441625,0,0,7.57198844937744,2.4849066497880004,4.04305126783455,0,1.3437866748304919,1.6195897914057595,0.13428740459535346,-0.3795628462997117,-1.8551208574729172,-0.6166901492936473
91,Weston-Pellam Park,858,626,5,43.67264146759907,-79.45915545559441,0.7296037296037297,1.0,1000.0,1000.0,68.0,16.47872340425532,1.81421479645923,0,0,6.755768921984255,0.6931471805599453,4.23410650459726,0,0.7965735390378883,0.38617199801939606,0.6560445799352715,0.5006030571985577,-0.006989607800452435,0.41050186679354017
51,Willowdale East,1904,1100,5,43.769819129411765,-79.40547399264706,0.5777310924369747,1.0,3000.0,3000.0,191.0,19.014423076923077,0.5884193445824905,0,0,7.552237287560802,0.6931471805599453,5.2574953720277815,0,1.545048438040226,-0.6633687986333113,-0.649980890252258,-0.3487083220073369,1.3863213394020022,0.05129154911749639
64,Woodbine Corridor,877,603,5,43.677090808551874,-79.31579236830103,0.6875712656784493,1.0,950.0,950.0,36.0,22.053571428571427,0.978022873847027,0,0,6.777646593635117,0.6931471805599453,3.6109179126442243,0,0.688419562013255,-0.46976398074160736,0.6886952166899597,0.4851757950523703,0.1191355846597496,0.45677150058961985
60,Woodbine-Lumsden,377,244,5,43.6943486928382,-79.31280427798409,0.6472148541114059,1.0,2000.0,2000.0,8.0,16.0,0.8824269726428884,0,0,5.934894195619588,0.6931471805599453,2.1972245773362196,0,-0.4537015554102113,-0.7712137236135092,0.0030318448415067437,0.891156377846775,-0.039566708669449446,0.2566896386898004
94,Wychwood,801,504,5,43.678667750062424,-79.42590108389513,0.6292134831460674,1.0,4625.0,4625.0,95.0,18.794520547945204,1.1054195590625915,0,0,6.687108607866515,0.6931471805599453,4.564348191467836,0,0.9209289654342518,-1.2351292849668984,-1.711126584779626,0.5468848436371199,0.4848622578214328,-0.3749265034742847
100,Yonge-Eglinton,823,572,5,43.705355617861485,-79.40082147436209,0.6950182260024301,1.0,1300.0,1300.0,130.0,22.046875,0.18999699855854996,0,0,6.714170529909472,0.6931471805599453,4.875197323201151,0,1.268183999929154,-0.7580338470729224,0.46014075940714205,0.529021697994166,1.121015679547149,0.6790675170252514
97,Yonge-St.Clair,412,220,5,43.688535141262136,-79.39676422402913,0.5339805825242718,2.0,19425.0,19425.0,99.0,19.660493827160494,0.2552065802496065,0,0,6.023447592961033,1.0986122886681098,4.605170185988092,0,1.1643017759009704,-5.443140720973561,-11.375715064167343,0.8627377370511666,0.8729554014162303,-4.029578084126719
129,Agincourt North,1157,630,5,43.80728925764909,-79.27026887813311,0.5445116681071738,0.0,1897.0,1886.6666666666665,138.0,17.01063829787234,7.0364810445196895,1,0,7.05444965813294,0.0,4.9344739331306915,1,-1.0610313846874868,0.792876195557865,0.07029215655616451,0.25782666868750365,-1.7181862150655727,-0.40999100129095484
128,Agincourt South-Malvern West,1650,871,5,43.78814299618182,-79.26662011127273,0.5278787878787878,0.0,1897.0,1886.6666666666665,201.0,16.135416666666668,6.199391541936572,1,0,7.409136443920128,0.0,5.308267697401205,1,-0.6812896764582504,0.8900045261614881,0.07029215655616451,-0.14247018594777935,-0.9160282259064205,-0.28943266093379416
20,Alderwood,545,259,5,43.6052867187156,-79.54198074183486,0.47522935779816516,0.0,1897.0,1886.6666666666665,187.0,18.78,3.6324236709310647,1,0,6.302618975744905,0.0,5.236441962829949,1,-1.025111354855027,-0.845468374983774,0.07029215655616451,0.754746902027855,0.07024284111275225,0.27561378556464794
42,Banbury-Don Mills,1205,573,5,43.73569628514523,-79.34626856622407,0.4755186721991701,0.0,1897.0,1886.6666666666665,62.0,20.085106382978722,4.2300039491492,1,0,7.095064377287131,0.0,4.143134726391533,1,-1.084317571038823,-0.26596243513986306,0.07029215655616451,0.21885253273924082,-1.071554037762935,-0.22769358888464242
52,Bayview Village,927,513,5,43.77264703656957,-79.37561066483279,0.5533980582524272,0.0,1897.0,1886.6666666666665,27.0,21.0,0.39859838474456905,1,0,6.833031732786201,0.0,3.332204510175204,1,-0.8735371034439341,-0.8652710901703311,0.07029215655616451,0.44457773677292983,0.3002259686905375,0.251557974261506
49,Bayview Woods-Steeles,539,264,5,43.79602939294991,-79.38132766141003,0.4897959183673469,0.0,1897.0,1886.6666666666665,65.0,19.314814814814813,3.0152130786522893,1,0,6.29156913955832,0.0,4.189654742026425,1,-1.3168407458998386,-0.9078817162649118,0.07029215655616451,0.7596186690213879,-0.5363546538440729,0.0950960671756603
39,Bedford Park-Nortown,1240,342,5,43.72936180572581,-79.42212351830646,0.27580645161290324,0.0,1897.0,1886.6666666666665,97.0,20.026666666666667,1.6140384273976947,1,0,7.123672785204607,0.0,4.584967478670572,1,-1.0012798106569767,-1.594252963125886,0.07029215655616451,0.1904338919436325,0.2839380598305335,0.17042844815471558
127,Bendale,2552,1817,5,43.76245909565047,-79.25816834408307,0.7119905956112853,0.0,1897.0,1886.6666666666665,99.0,15.584745762711865,3.3691913235797317,1,0,7.845024417241484,0.0,4.605170185988092,1,0.006975191595379271,1.5631136169390243,0.07029215655616451,-0.8748591573088854,-0.4442766315200473,-0.367623874026214
24,Black Creek,2069,1548,5,43.765047010971486,-79.51939417854035,0.7481875302078299,0.0,1897.0,1886.6666666666665,265.0,20.33625730994152,1.5441089566207866,1,0,7.635303886259415,0.0,5.583496308781699,1,0.6722462265842379,0.7007235154027679,0.07029215655616451,-0.4826819143294905,1.5083577901369005,0.33581962536468885
108,Briar Hill-Belgravia,930,571,5,43.698866821505376,-79.44873128505377,0.613978494623656,0.0,1897.0,1886.6666666666665,75.0,14.632352941176471,0.9998305065975048,1,0,6.836259277277067,0.0,4.330733340286331,1,-0.5556926860560207,0.12008523204078635,0.07029215655616451,0.4421418532761634,0.38728422485599107,0.27694468606211214
41,Bridle Path-Sunnybrook-York Mills,560,187,5,43.731372945357144,-79.38428101446429,0.3339285714285714,0.0,1897.0,1886.6666666666665,6.0,12.625,1.5649902636804625,1,0,6.329720905522696,0.0,1.9459101490553132,1,-2.44596207092501,-1.011817839259757,0.07029215655616451,0.7425674845440229,-0.3425188706217672,0.14813144679914247
57,Broadview North,593,447,5,43.68826700387858,-79.35198337386171,0.7537942664418212,0.0,1897.0,1886.6666666666665,39.0,16.433333333333334,1.0886738943677872,1,0,6.386879319362645,0.0,3.6888794541139363,1,-0.7142769907172876,0.26736118801053405,0.07029215655616451,0.7157727660795922,0.09366603133230611,0.27094850184603525
30,Brookhaven-Amesbury,1162,704,5,43.70098781523236,-79.48839578166954,0.6058519793459552,0.0,1897.0,1886.6666666666665,26.0,14.2,3.910006618183473,1,0,7.0587581525186645,0.0,3.295836866004329,1,-1.2269792419133319,0.8629451912799562,0.07029215655616451,0.2537668628595596,-1.192230442717725,-0.25342221133498377
109,Caledonia-Fairbank,678,519,5,43.69038318908555,-79.45405393156342,0.7654867256637168,0.0,1897.0,1886.6666666666665,16.0,16.5625,1.778445602003121,1,0,6.520621127558696,0.0,2.833213344056216,1,-1.0334472512467165,0.5637202962662947,0.07029215655616451,0.6467560670045434,-0.36169022824683317,0.11363661424977883
133,Centennial Scarborough,508,324,5,43.782822309842516,-79.15005598799212,0.6377952755905512,0.0,1897.0,1886.6666666666665,2.0,20.5,10.713555688725673,1,0,6.2324480165505225,0.0,1.0986122886681098,1,-3.1580761519111245,1.1088999019959955,0.07029215655616451,0.784789465154641,-4.240859033308458,-1.008704007823679
120,Clairlea-Birchmount,2711,1809,5,43.714985491958686,-79.28121422718554,0.6672814459609,0.0,1897.0,1886.6666666666665,52.0,17.925925925925927,0.46385012233170103,1,0,7.905441649060286,0.0,3.970291913552122,1,0.10418699755406895,0.6732218553603678,0.07029215655616451,-1.0039609826375062,0.4504275897047356,-0.13794315525736536
123,Cliffcrest,1217,804,5,43.721769107313065,-79.23747000566968,0.6606409202958093,0.0,1897.0,1886.6666666666665,41.0,19.72,2.421830458428884,1,0,7.1049654482698426,0.0,3.7376696182833684,1,-0.6232843504954135,0.26609416199351965,0.07029215655616451,0.20910899875217512,-0.45604197733720647,-0.04596303095304359
66,Danforth,841,558,5,43.68278308454221,-79.33039257265162,0.6634958382877527,0.0,1897.0,1886.6666666666665,75.0,18.153846153846153,0.02684755796244517,1,0,6.7357800142423265,0.0,4.330733340286331,1,-0.3127955084187964,-0.27951256504382027,0.07029215655616451,0.5144063970135675,0.7988611634354301,0.42209713075716504
59,Danforth East York,666,430,5,43.689426791741745,-79.33213710345345,0.6456456456456456,0.0,1897.0,1886.6666666666665,10.0,10.0,0.7782576179149105,1,0,6.502790045915623,0.0,2.3978952727983707,1,-1.4699690182619762,0.5572628124069186,0.07029215655616451,0.6564996009916091,0.018721756007221257,0.23068326972211492
126,Dorset Park,2109,1286,5,43.760013752015176,-79.27973557818872,0.6097676623992413,0.0,1897.0,1886.6666666666665,123.0,15.0375,3.3251365496028535,1,0,7.6544432264701125,0.0,4.820281565605037,1,-0.23212939768794763,1.0292201080156353,0.07029215655616451,-0.5151603609530429,-0.25494991546710644,-0.20291622030357898
26,Downsview-Roding-CFB,3974,2763,5,43.72784972491193,-79.49825246200302,0.6952692501258179,0.0,1897.0,1886.6666666666665,43.0,14.973684210526315,3.2769610166404024,1,0,8.287780027088433,0.0,3.784189633918261,1,-0.11641742536431776,1.8863222012500034,0.07029215655616451,-2.0294679347761724,-0.8035424546980483,-0.8217862542198003
9,Edenbridge-Humber Valley,634,198,5,43.6724257966877,-79.52037825063091,0.31230283911671924,0.0,1897.0,1886.6666666666665,3.0,45.5,2.79295990554592,1,0,6.453624998892692,0.0,1.3862943611198906,1,-2.156568724124759,-4.183889917296657,0.07029215655616451,0.682482358290451,-0.8832929446024788,-0.032126313271142515
138,Eglinton East,1865,1369,5,43.739194582573724,-79.24676587126005,0.7340482573726541,0.0,1897.0,1886.6666666666665,41.0,17.666666666666668,1.5583859005569407,1,0,7.531552381407289,0.0,3.7376696182833684,1,-0.1780959500544649,0.9360018031584951,0.07029215655616451,-0.3170418365493734,-0.0908003579845294,-0.09423579573770502
5,Elms-Old Rexdale,593,408,5,43.721319962563236,-79.55094308060708,0.688026981450253,0.0,1897.0,1886.6666666666665,58.0,11.75,6.728028312717442,1,0,6.386879319362645,0.0,4.07753744390572,1,-1.4960404229285944,1.475628285445728,0.07029215655616451,0.7157727660795922,-2.1566801211901554,-0.4041553439107032
11,Eringate-Centennial-West Deane,787,417,5,43.65681023443456,-79.57736597789072,0.5298602287166455,0.0,1897.0,1886.6666666666665,36.0,16.234375,3.9872460656728066,1,0,6.669498089857879,0.0,3.6109179126442243,1,-1.4394055842953368,0.052194441201989177,0.07029215655616451,0.5582522999553632,-1.153781757346458,-0.15054197459486263
13,Etobicoke West Mall,515,336,5,43.644923852038836,-79.56792707941747,0.6524271844660194,0.0,1897.0,1886.6666666666665,27.0,16.3,2.7323480929291413,1,0,6.246106765481563,0.0,3.332204510175204,1,-1.3480089078932533,0.06252637671187417,0.07029215655616451,0.7791057369955193,-0.6869625135461954,0.05575982965726295
102,Forest Hill North,565,243,5,43.70336310035398,-79.42819539132744,0.4300884955752212,0.0,1897.0,1886.6666666666665,50.0,27.242424242424242,0.7569983491856815,1,0,6.338594078203183,0.0,3.9318256327243257,1,-1.084651789578604,-2.3526191265643592,0.07029215655616451,0.7385076787160788,0.31220006159953556,0.3433291847171501
25,Glenfield-Jane Heights,2776,2148,5,43.74844034117435,-79.51471281865994,0.7737752161383286,0.0,1897.0,1886.6666666666665,40.0,16.3,2.5390477843013426,1,0,7.9291264873067995,0.0,3.713572066704308,1,-0.044776603125782424,1.705262547290785,0.07029215655616451,-1.0567384584007788,-0.5127376648292963,-0.4427259743465567
65,Greenwood-Coxwell,1155,755,5,43.6725578438961,-79.3242889830303,0.6536796536796536,0.0,1897.0,1886.6666666666665,105.0,16.897435897435898,1.2115796253872388,1,0,7.052721049232323,0.0,4.663439094112067,1,-0.2124584107297599,0.22895594107625716,0.07029215655616451,0.2594505910186813,0.5110773683096462,0.25927525042096405
140,Guildwood,411,298,5,43.74894880608272,-79.19891063041362,0.7250608272506083,0.0,1897.0,1886.6666666666665,33.0,20.5,5.523540907428591,1,0,6.021023349349527,0.0,3.5263605246161616,1,-1.4997318146157435,0.2784605289177988,0.07029215655616451,0.8635496982167555,-1.8249790232605676,-0.2603119348906778
88,High Park North,1070,671,5,43.65664759401869,-79.46499374990654,0.6271028037383177,0.0,1897.0,1886.6666666666665,77.0,14.529411764705882,0.34388873473762505,1,0,6.976348070447749,0.0,4.356708826689592,1,-0.36553274687370607,0.16470609199143355,0.07029215655616451,0.3284672900937301,0.6789753432526535,0.3303496526263809
87,High Park-Swansea,1233,801,5,43.64525233341443,-79.46451019099757,0.6496350364963503,0.0,1897.0,1886.6666666666665,10.0,18.4,0.9764330744733553,1,0,7.1180162044653335,0.0,2.3978952727983707,1,-1.003435847120016,0.16705438447108076,0.07029215655616451,0.19611762010275416,-0.06510751132611603,0.06741989525545725
134,Highland Creek,716,406,5,43.790570231564246,-79.17573113645251,0.5670391061452514,0.0,1897.0,1886.6666666666665,0.0,18.58075978808632,9.579390206230766,1,1,6.57507584059962,0.0,0.0,1,-5.308047033443121,1.384459637913984,0.07029215655616451,0.6159015427121686,-3.7753253056687583,-0.9197102662645111
48,Hillcrest Village,810,441,5,43.80070392419753,-79.3561571308642,0.5444444444444444,0.0,1897.0,1886.6666666666665,110.0,21.707142857142856,2.9363345384203496,1,0,6.698268054115413,0.0,4.709530201312334,1,-0.7321971763470081,-0.6769272112506097,0.07029215655616451,0.5395771931468205,-0.18294240105410045,0.13510730025028178
8,Humber Heights-Westmount,509,223,5,43.692357471512764,-79.52248617956778,0.4381139489194499,0.0,1897.0,1886.6666666666665,15.0,15.25,4.9937843348243955,1,0,6.234410725718371,0.0,2.772588722239781,1,-2.3286791406581706,-0.32073718868665074,0.07029215655616451,0.7839775039890522,-1.7289076733999407,-0.2553621882008007
21,Humber Summit,1670,780,5,43.757175896706585,-79.5601077848503,0.46706586826347307,0.0,1897.0,1886.6666666666665,198.0,21.012820512820515,4.631104069234484,1,0,7.421177528595393,0.0,5.293304824724492,1,-0.5208873080726315,-0.15351042810027404,0.07029215655616451,-0.15870940925955554,-0.273970736076912,-0.10168718097847446
22,Humbermede,1521,969,5,43.74594445082183,-79.54338780407627,0.6370808678500987,0.0,1897.0,1886.6666666666665,57.0,16.3,4.395257853807374,1,0,7.3277805384216315,0.0,4.060443010546419,1,-0.7449893615034203,1.0181240150222488,0.07029215655616451,-0.03772719558682295,-1.1770180046401695,-0.3363066974456319
106,Humewood-Cedarvale,645,325,5,43.6904993827907,-79.42613943689922,0.5038759689922481,0.0,1897.0,1886.6666666666665,1.0,18.58075978808632,1.0639502224221526,1,1,6.470799503782602,0.0,0.6931471805599453,1,-4.171785850533647,-0.5379835399297384,0.07029215655616451,0.6735507854689741,-0.1661369707867193,0.1803410070271422
125,Ionview,859,645,5,43.732969119790454,-79.27300405180442,0.7508731082654249,0.0,1897.0,1886.6666666666665,59.0,15.634146341463415,0.7457193780691656,1,0,6.756932389247553,0.0,4.0943445622221,1,-0.3449663757187883,0.5143866236056426,0.07029215655616451,0.4997910960329689,0.3809803686289204,0.29234830202103257
14,Islington-City Centre West,3287,1589,5,43.63403131578947,-79.54071551341649,0.48341953148767874,0.0,1897.0,1886.6666666666665,116.0,16.767857142857142,0.5783702687401946,1,0,8.098034756176071,0.0,4.762173934797756,1,0.08076100971894426,0.12031724349065727,0.07029215655616451,-1.4716506140166603,0.8571617972503857,-0.15622978240741653
90,Junction Area,1119,683,5,43.66806318641645,-79.47056831635389,0.610366398570152,0.0,1897.0,1886.6666666666665,139.0,19.88695652173913,1.6064391870116017,1,0,7.02108396428914,0.0,4.941642422609304,1,-0.2047343317901841,-0.2315908878649992,0.07029215655616451,0.28868119297987843,0.5858623772311049,0.2904799336857608
110,Keelesdale-Eglinton West,785,514,5,43.68552038585987,-79.47154567197452,0.6547770700636942,0.0,1897.0,1886.6666666666665,36.0,14.375,3.2534186828395035,1,0,6.666956792429207,0.0,3.6109179126442243,1,-1.119248234050463,0.6474469019613429,0.07029215655616451,0.5598762222865408,-0.8433688892730884,-0.05693093747349848
124,Kennedy Park,2043,1597,5,43.72874014003916,-79.2576786039158,0.7816935878609887,0.0,1897.0,1886.6666666666665,27.0,14.5,0.6375400567987631,1,0,7.622663951323595,0.0,3.332204510175204,1,-0.13298271397994962,1.3857551037590776,0.07029215655616451,-0.46157092402418143,0.19915237637211414,-0.050608701673154365
6,Kingsview Village-The Westway,1255,745,5,43.696826348286855,-79.55118794589642,0.5936254980079682,0.0,1897.0,1886.6666666666665,20.0,12.333333333333334,6.105822186579695,1,0,7.135687347028144,0.0,3.044522437723423,1,-1.619208276291985,1.4684123979240615,0.07029215655616451,0.17825447445980036,-2.1637448819080416,-0.5675302596120065
15,Kingsway South,496,226,5,43.6521797296371,-79.51094003749999,0.45564516129032256,0.0,1897.0,1886.6666666666665,274.0,27.55785123966942,0.4453717294106723,1,0,6.208590026096629,0.0,5.616771097666572,1,-0.40221188595788576,-2.5036028618997603,0.07029215655616451,0.7945329991417067,2.037138696872387,0.8776183714266939
117,L'Amoreaux,1866,1240,5,43.794684116023575,-79.31491583772775,0.6645230439442658,0.0,1897.0,1886.6666666666665,103.0,27.0875,3.290512489427529,1,0,7.532088143541722,0.0,4.6443908991413725,1,-0.007862779773834505,-0.07042570635532218,0.07029215655616451,-0.3178537977149622,-0.38254651588422584,-0.18200323145729058
38,Lansing-Westgate,929,512,5,43.75604668460711,-79.4198350519914,0.5511302475780409,0.0,1897.0,1886.6666666666665,63.0,20.032258064516128,0.9351222127049307,1,0,6.835184586147301,0.0,4.1588830833596715,1,-0.6435649697720208,-0.7153014843886357,0.07029215655616451,0.4429538144417522,0.32931051905075404,0.25979616267021766
105,Lawrence Park North,513,189,5,43.7293528957115,-79.40492553840156,0.3684210526315789,0.0,1897.0,1886.6666666666665,105.0,33.56962025316456,0.3878335875993632,1,0,6.2422232654551655,0.0,4.663439094112067,1,-0.8147803329203234,-3.4443335312551535,0.07029215655616451,0.7807296593266969,0.8595263034891258,0.5201936514672125
103,Lawrence Park South,627,170,5,43.71678297862839,-79.40731888915471,0.2711323763955343,0.0,1897.0,1886.6666666666665,67.0,12.425,1.132627754205307,1,0,6.4425401664681985,0.0,4.219507705176107,1,-1.593845692092276,-1.3697676729103454,0.07029215655616451,0.6881660864495727,0.2742131815703367,0.3168306430284386
56,Leaside-Bennington,582,242,5,43.706587924742266,-79.36846281185566,0.41580756013745707,0.0,1897.0,1886.6666666666665,255.0,20.334016393442624,2.4174064793393315,1,0,6.368187186350492,0.0,5.545177444479562,1,-0.8175537755915118,-1.4518392338179313,0.07029215655616451,0.7247043389010691,1.0678269338976316,0.565876244462076
132,Malvern,2624,1973,5,43.80475023361281,-79.22080292652439,0.7519054878048781,0.0,1897.0,1886.6666666666665,71.0,13.725806451612904,8.75009038691207,1,0,7.872836175025724,0.0,4.276666119016055,1,-0.7246825475070173,2.9392020911653463,0.07029215655616451,-0.9333203612312797,-2.9195652892985304,-1.127748832536477
29,Maple Leaf,410,226,5,43.71417038560976,-79.48086108512194,0.551219512195122,0.0,1897.0,1886.6666666666665,32.0,20.25,2.9227360307537973,1,0,6.018593214496234,0.0,3.4965075614664802,1,-1.56531177247622,-0.914997213553477,0.07029215655616451,0.8643616593823443,-0.7319369289295891,0.06784428175829238
12,Markland Wood,413,171,5,43.63414574116222,-79.5736501677966,0.41404358353510895,0.0,1897.0,1886.6666666666665,172.0,18.619266055045873,3.093689430805915,1,0,6.025865973825314,0.0,5.153291594497779,1,-1.2675538405103977,-1.3786729336899435,0.07029215655616451,0.8619257758855778,0.1914482060430536,0.34412905720105524
130,Milliken,1799,699,5,43.82016195636465,-79.28010851506393,0.3885491939966648,0.0,1897.0,1886.6666666666665,99.0,17.05421686746988,7.263037106126592,1,0,7.495541943884256,0.0,4.605170185988092,1,-1.3194057949573066,0.4825900029919545,0.07029215655616451,-0.263452399620512,-2.0913940128979163,-0.6783370611330626
135,Morningside,1245,1032,5,43.782105642650606,-79.20334973180722,0.8289156626506025,0.0,1897.0,1886.6666666666665,18.0,16.0,7.351616998357019,1,0,7.1276936993473985,0.0,2.9444389791664403,1,-1.2433183541063206,2.3242206137629533,0.07029215655616451,0.18637408611568845,-2.704946959074912,-0.7274549992653012
115,Mount Dennis,953,710,5,43.688720314060866,-79.49765993315845,0.74501573976915,0.0,1897.0,1886.6666666666665,34.0,14.846153846153847,4.333116776403934,1,0,6.860663671448287,0.0,3.5553480614894135,1,-0.9725935613464677,1.3201444704057743,0.07029215655616451,0.4234667464676208,-1.3143111752626773,-0.2391364660160511
2,Mount Olive-Silverstone-Jamestown,2591,1997,5,43.745418405789266,-79.58767189413354,0.7707448861443458,0.0,1897.0,1886.6666666666665,28.0,33.6,7.200916340287512,1,0,7.860185057472165,0.0,3.367295829986474,1,-0.46295201243541945,0.7093110816706464,0.07029215655616451,-0.906525642766849,-2.570078402258838,-1.0148643508852402
99,Mount Pleasant East,509,251,5,43.70771251807465,-79.3854461848723,0.4931237721021611,0.0,1897.0,1886.6666666666665,94.0,18.636986301369863,1.0664405449807648,1,0,6.234410725718371,0.0,4.553876891600541,1,-0.9699522150754523,-1.2340701248571275,0.07029215655616451,0.7839775039890522,0.4942384490872207,0.4115816485453476
18,New Toronto,996,723,5,43.60067142228916,-79.50892615853414,0.7259036144578314,0.0,1897.0,1886.6666666666665,80.0,15.71774193548387,4.631948453317127,1,0,6.904750769961838,0.0,4.394449154672439,1,-0.6866963009574691,1.1921690752595928,0.07029215655616451,0.388552416347302,-1.1135602059939138,-0.1893854742715177
50,Newtonbrook East,853,453,5,43.79050495451349,-79.40906646295427,0.5310668229777257,0.0,1897.0,1886.6666666666665,166.0,18.81081081081081,1.1615049008757838,1,0,6.74993119378857,0.0,5.117993812416755,1,-0.4121982893030798,-0.739089721293135,0.07029215655616451,0.5046628630265018,0.9660996634989178,0.46934562058009166
36,Newtonbrook West,1693,1015,5,43.78649487105729,-79.4273001516834,0.5995274660366214,0.0,1897.0,1886.6666666666665,90.0,18.62962962962963,1.0824322178156678,1,0,7.434847875211999,0.0,4.51085950651685,1,-0.13892670541001842,0.06675958322560206,0.07029215655616451,-0.17738451606809816,0.45902533457603745,0.1126091081748476
68,North Riverdale,888,546,5,43.67382619605856,-79.35085492454955,0.6148648648648649,0.0,1897.0,1886.6666666666665,32.0,16.729166666666668,0.5072927210014576,1,0,6.790097235513905,0.0,3.4965075614664802,1,-0.7978447444414857,-0.17548405617542523,0.07029215655616451,0.4762442222308934,0.28980837928437,0.25793264307704483
54,O'Connor-Parkview,1420,1044,5,43.7058857015493,-79.30338084070422,0.7352112676056338,0.0,1897.0,1886.6666666666665,66.0,17.112903225806452,1.6947732535139193,1,0,7.259116128097101,0.0,4.204692619390966,1,-0.16435238173063924,0.8107591117857492,0.07029215655616451,0.044280882137646804,0.029310521111777954,0.050194283597293235
121,Oakridge,1660,1176,5,43.696527267228916,-79.28141214379517,0.708433734939759,0.0,1897.0,1886.6666666666665,27.0,20.307692307692307,0.6212906897768085,1,0,7.415175109613295,0.0,3.332204510175204,1,-0.28188325560026767,0.3197563521963241,0.07029215655616451,-0.15058979760366745,0.20602594465214596,0.04474770673700936
107,Oakwood Village,1261,929,5,43.69105525630452,-79.44158995138778,0.7367168913560667,0.0,1897.0,1886.6666666666665,21.0,17.875,1.0804623367957118,1,0,7.140453043101158,0.0,3.091042453358316,1,-0.5615250457445635,0.5972266178380148,0.07029215655616451,0.1733827074662675,-0.03087892140457449,0.0708679984409737
58,Old East York,479,323,5,43.694463474530274,-79.33736648705636,0.6743215031315241,0.0,1897.0,1886.6666666666665,71.0,18.778688524590162,1.4415216740727945,1,0,6.173786103901937,0.0,4.276666119016055,1,-0.7656339201744341,-0.4308070714050161,0.07029215655616451,0.8083363389567164,0.17199797031219588,0.32221715540313944
45,Parkwoods-Donalda,1752,1135,5,43.75649611660959,-79.32837716877854,0.6478310502283106,0.0,1897.0,1886.6666666666665,91.0,19.02777777777778,2.5265860986382886,1,0,7.469083884921234,0.0,4.5217885770490405,1,-0.18548213875932076,0.5184176799190209,0.07029215655616451,-0.22529022483783792,-0.14474726480076927,-0.08289438426911636
23,Pelmo Park-Humberlea,928,483,5,43.71913082144397,-79.53005245743533,0.5204741379310345,0.0,1897.0,1886.6666666666665,17.0,19.0,5.648317741331174,1,0,6.834108738813838,0.0,2.8903717578961645,1,-1.804684270201811,0.17532908424600194,0.07029215655616451,0.44376577560734104,-1.9915544935592742,-0.4362197527631141
67,Playter Estates-Danforth,707,481,5,43.67872848458274,-79.35371145190948,0.6803394625176803,0.0,1897.0,1886.6666666666665,146.0,20.015503875968992,0.11121804278009656,1,0,6.56244409369372,0.0,4.990432586778736,1,-0.08633026633263886,-0.5377963218639299,0.07029215655616451,0.6232091932024679,1.268133803870741,0.5955197617444286
10,Princess-Rosethorn,563,225,5,43.668996242806394,-79.54666333889877,0.3996447602131439,0.0,1897.0,1886.6666666666665,1.0,10.0,3.164044001537072,1,0,6.335054251498059,0.0,0.6931471805599453,1,-3.0363087183940576,-0.10269659894057774,0.07029215655616451,0.7401316010472565,-1.0544877579720333,-0.06618998445496727
4,Rexdale-Kipling,810,533,5,43.721058052222226,-79.5637427745679,0.6580246913580247,1.0,1800.0,1800.0,57.0,17.0,7.510935613738056,0,0,6.698268054115413,0.6931471805599453,4.060443010546419,1,-0.12528255442587274,0.8590126525399023,0.1336343918602597,0.5395771931468205,-2.494966192561895,-0.5331629430804184
111,Rockcliffe-Smythe,1558,1036,5,43.675280857702184,-79.48958849056483,0.6649550706033376,0.0,1897.0,1886.6666666666665,28.0,15.25,2.840578079855505,1,0,7.351799869057777,0.0,3.367295829986474,1,-0.7680224594573865,1.0149851346602516,0.07029215655616451,-0.0677697587136089,-0.7256322329637217,-0.20990373488073336
131,Rouge,2042,1234,5,43.81027876679726,-79.18827218658178,0.604309500489716,0.0,1897.0,1886.6666666666665,31.0,14.772727272727273,10.567256522123328,1,0,7.622174594817622,0.0,3.4657359027997265,1,-1.6880079978786724,2.389609087320567,0.07029215655616451,-0.46075896285859264,-3.9727217075621737,-1.3019273385037642
89,Runnymede-Bloor West Village,573,322,5,43.65886511204189,-79.48534416910994,0.5619546247818499,0.0,1897.0,1886.6666666666665,210.0,18.672774869109947,1.0021782323605117,1,0,6.352629396319567,0.0,5.351858133476067,1,-0.4450079974007675,-0.9093358799385594,0.07029215655616451,0.7320119893913684,1.346429762413687,0.6516493881639824
28,Rustic,607,412,5,43.71102009406919,-79.50145710345964,0.6787479406919276,0.0,1897.0,1886.6666666666665,45.0,14.565217391304348,4.593023014042523,1,0,6.410174881966167,0.0,3.828641396489095,1,-1.2799136933743227,0.7841379876386974,0.07029215655616451,0.7044053097613489,-1.346019371166291,-0.1643673557990168
139,Scarborough Village,1528,1161,5,43.741877923232984,-79.21990400111257,0.7598167539267016,0.0,1897.0,1886.6666666666665,41.0,18.53125,3.6761820315796077,1,0,7.332369205929062,0.0,3.7376696182833684,1,-0.4726212438740548,1.2021840538170112,0.07029215655616451,-0.043410923745944616,-0.9866393337491681,-0.28089821462606795
40,St.Andrew-Windfields,987,343,5,43.75510903535967,-79.38216577173252,0.3475177304964539,0.0,1897.0,1886.6666666666665,25.0,21.708333333333332,1.3655852950720602,1,0,6.895682697747868,0.0,3.258096538021482,1,-1.415228965374967,-1.6011976837376372,0.07029215655616451,0.3958600668376013,-0.12303889005800639,0.10996321565634426
116,Steeles,806,294,5,43.81383923275434,-79.32001993684862,0.36476426799007444,0.0,1897.0,1886.6666666666665,113.0,16.921875,4.759107180008766,1,0,6.693323668269949,0.0,4.736198448394496,1,-1.4273401036550435,-0.6262684149311333,0.07029215655616451,0.5428250378091758,-0.9326484646546501,-0.0888301654311765
16,Stonegate-Queensway,1148,623,5,43.63433451289198,-79.50044060818816,0.5426829268292683,0.0,1897.0,1886.6666666666665,96.0,20.169117647058822,1.7703637811255193,1,0,7.046647277848756,0.0,4.574710978503383,1,-0.4924150631854188,-0.48668488917563896,0.07029215655616451,0.26513431917780295,0.21069946950425628,0.1708669992270836
118,Tam O'Shanter-Sullivan,1371,824,5,43.78034429431072,-79.30196380933626,0.6010211524434719,0.0,1897.0,1886.6666666666665,79.0,16.958333333333332,3.5744340515729123,1,0,7.22402480828583,0.0,4.382026634673881,1,-0.6368484263766266,0.5579729621905265,0.07029215655616451,0.08406697925149846,-0.673338153269827,-0.14866448958303274
3,Thistletown-Beaumond Heights,692,412,5,43.738422385260115,-79.5668477232659,0.5953757225433526,0.0,1897.0,1886.6666666666665,42.0,13.9375,6.296099510412419,1,0,6.541029999189903,0.0,3.7612001156935624,1,-1.6396758357719707,0.8944686657137433,0.07029215655616451,0.6353886106863,-2.087766159981686,-0.40759640216614995
55,Thorncliffe Park,903,651,5,43.706225174529344,-79.34755193599113,0.7209302325581395,0.0,1897.0,1886.6666666666665,101.0,19.339080459770116,2.9098727151239965,1,0,6.806829360392176,0.0,4.624972813284271,1,-0.37476612345724813,0.40277534320711966,0.07029215655616451,0.46406480474706124,-0.23575815223407864,0.09660885837636059
81,Trinity-Bellwoods,1572,991,5,43.65074742264631,-79.41398945941475,0.6304071246819338,0.0,1897.0,1886.6666666666665,374.0,31.983128834355828,1.527202324147742,1,0,7.360739903058278,0.0,5.926926025970411,1,0.6398707275942761,-1.2266608200170699,0.07029215655616451,-0.07913721503185223,2.2907324336297754,0.6915954282018427
136,West Hill,3497,2803,5,43.76668496039462,-79.18765310237346,0.8015441807263368,0.0,1897.0,1886.6666666666665,6.0,20.5,7.202314756973164,1,0,8.159946655578548,0.0,1.9459101490553132,1,-1.045617479377432,2.480211434502481,0.07029215655616451,-1.6421624587903103,-2.7271369772218463,-1.2826729681811813
1,West Humber-Clairville,5702,2362,5,43.721486817432485,-79.5971690334444,0.4142406173272536,0.0,1897.0,1886.6666666666665,81.0,19.666666666666668,9.367244271331636,1,0,8.648747631156539,0.0,4.406719247264253,1,-0.953448477101128,1.517640527886876,0.07029215655616451,-3.4325368289136353,-3.1095032692417175,-1.93449516682414
119,Wexford/Maryvale,2419,1396,5,43.7473956056635,-79.30022219193881,0.5770979743695742,0.0,1897.0,1886.6666666666665,179.0,16.195488721804512,3.3694905321072985,1,0,7.791522819150732,0.0,5.19295685089021,1,-0.06981627911093997,0.8543077414071445,0.07029215655616451,-0.7668683222855738,0.12456784642059987,-0.16457328013702635
37,Willowdale West,1035,733,5,43.77292243497585,-79.42147966570047,0.7082125603864734,0.0,1897.0,1886.6666666666665,178.0,19.135593220338983,0.8530113475266842,1,0,6.943122422819428,0.0,5.187385805840755,1,0.1374118337534809,0.064210086420648,0.07029215655616451,0.3568859308893384,1.1819397265464864,0.4897645598532132
7,Willowridge-Martingrove-Richview,1252,706,5,43.68271655846645,-79.5568120321885,0.5638977635782748,0.0,1897.0,1886.6666666666665,80.0,22.59016393442623,4.888918628029151,1,0,7.133295954896068,0.0,4.394449154672439,1,-0.8119644508291323,-0.012103719591321472,0.07029215655616451,0.1806903579565668,-1.2222599503857008,-0.28435401510627434
137,Woburn,3798,2809,5,43.76666367848868,-79.22805374304897,0.7395997893628226,0.0,1897.0,1886.6666666666665,109.0,15.850877192982455,4.765883870890181,1,0,8.242493153187626,0.0,4.700480365792417,1,0.14059605883050943,2.180336087860657,0.07029215655616451,-1.886562769632542,-0.9639635930122199,-0.8270410461709627
27,York University Heights,3989,2454,5,43.763848255653045,-79.48973577370268,0.6151917773878165,0.0,1897.0,1886.6666666666665,232.0,17.348148148148148,0.14571573208200608,1,0,8.29154650988391,0.0,5.4510384535657,1,0.7932794612576908,0.6500023246449772,0.07029215655616451,-2.0416473522600045,1.8651849717402007,-0.02482185153347527
31,Yorkdale-Glen Park,1998,1150,5,43.71671470725726,-79.45422152417417,0.5755755755755756,0.0,1897.0,1886.6666666666665,156.0,18.792035398230087,0.8448734494301181,1,0,7.6004023345004,0.0,5.056245805348308,1,0.13907205235005518,-0.006810822673546667,0.07029215655616451,-0.42503267157268504,1.0289150632248907,0.20928158011812747
