hood_id,neighbourhood_name,crime_incidents,violent_incidents,unique_mci_categories,centroid_lat,centroid_lon,violent_crime_ratio,rent_listings,median_rent,mean_rent,restaurant_count,avg_restaurant_price,nearest_subway_km,rent_data_missing,restaurant_price_missing,log_crime_incidents,log_rent_listings,log_restaurant_count,cluster,pc1,pc2,affordability_score,safety_score,amenity_score,emerging_score
80,Palmerston-Little Italy,1053,649,5,43.66004565432099,-79.41856078091169,0.6163342830009497,1.0,65.0,65.0,249.0,19.305,0.45174894497888163,0,0,6.960347729101308,0.6931471805599453,5.521460917862246,0,1.3529455064883478,-0.36533277906065187,1.2666114872479415,0.34227062990873985,1.8566376494451338,1.1663170787053385
77,Waterfront Communities-The Island,7747,5604,5,43.64515718942816,-79.38785159820576,0.7233767910158772,283.0,2400.0,2564.6607773851592,1184.0,21.348677248677248,0.37858743488500635,0,0,8.955190024526887,5.648974238161206,7.077498053569231,0,5.648064284568489,0.706080978346692,-0.25817324919599915,-5.092997412542751,8.5374344408614,0.9300618088171952
95,Annex,2917,1723,5,43.67053616976345,-79.40190007027769,0.5906753513884128,12.0,1967.5,2246.9166666666665,557.0,23.478571428571428,0.31639426359531486,0,0,7.978653729082731,2.5649493574615367,6.324358962381311,0,3.166223137685131,-0.6562640529409344,0.0242547587320541,-1.1712249827488008,4.104431918502575,0.8896639842189539
15,Kingsway South,496,226,5,43.6521797296371,-79.51094003749999,0.45564516129032256,0.0,1897.0,1886.6666666666665,274.0,27.55785123966942,0.4453717294106723,1,0,6.208590026096629,0.0,5.616771097666572,1,-0.40221188595788576,-2.5036028618997603,0.07029215655616451,0.7945329991417067,2.037138696872387,0.8776183714266939
79,University,1455,944,5,43.66272468604811,-79.40360189106529,0.6487972508591066,5.0,1000.0,1090.0,282.0,18.36150234741784,0.6527247632323642,0,0,7.283448228756631,1.791759469228055,5.645446897643238,0,2.1355521824262835,-0.06545515690981428,0.6560445799352715,0.015862241342038473,2.006324370240634,0.8690738154489103
78,Kensington-Chinatown,3823,2593,5,43.653542841982734,-79.39799602801465,0.6782631441276484,32.0,2025.0,2121.34375,612.0,17.376436781609197,0.7949711932188108,0,0,8.249052274171293,3.4965075614664802,6.418364935936212,0,3.7873297997140956,0.6144818061082449,-0.013293473535837375,-1.9068617987722623,4.293158936773953,0.7105717519861722
81,Trinity-Bellwoods,1572,991,5,43.65074742264631,-79.41398945941475,0.6304071246819338,0.0,1897.0,1886.6666666666665,374.0,31.983128834355828,1.527202324147742,1,0,7.360739903058278,0.0,5.926926025970411,1,0.6398707275942761,-1.2266608200170699,0.07029215655616451,-0.07913721503185223,2.2907324336297754,0.6915954282018427
100,Yonge-Eglinton,823,572,5,43.705355617861485,-79.40082147436209,0.6950182260024301,1.0,1300.0,1300.0,130.0,22.046875,0.18999699855854996,0,0,6.714170529909472,0.6931471805599453,4.875197323201151,0,1.268183999929154,-0.7580338470729224,0.46014075940714205,0.529021697994166,1.121015679547149,0.6790675170252514
89,Runnymede-Bloor West Village,573,322,5,43.65886511204189,-79.48534416910994,0.5619546247818499,0.0,1897.0,1886.6666666666665,210.0,18.672774869109947,1.0021782323605117,1,0,6.352629396319567,0.0,5.351858133476067,1,-0.4450079974007675,-0.9093358799385594,0.07029215655616451,0.7320119893913684,1.346429762413687,0.6516493881639824
69,Blake-Jones,679,498,5,43.677185111929305,-79.33840903313697,0.7334315169366715,3.0,1300.0,1525.0,114.0,16.789473684210527,0.43006105026236835,0,0,6.522092798170152,1.3862943611198906,4.74493212836325,0,1.3910453574702475,-0.13000335888704492,0.46014075940714205,0.6459441058389546,0.905673105748286,0.649541467239029
83,Dufferin Grove,1049,748,5,43.65630061687321,-79.43689288388943,0.7130600571973308,8.0,1737.0,1723.625,189.0,24.44551282051282,0.45700340211301804,0,0,6.956545443151569,2.1972245773362196,5.247024072160486,0,2.303992350342343,-0.81904853385984,0.17477419417116688,0.3455184745710951,1.427686702709548,0.6018712308526597
67,Playter Estates-Danforth,707,481,5,43.67872848458274,-79.35371145190948,0.6803394625176803,0.0,1897.0,1886.6666666666665,146.0,20.015503875968992,0.11121804278009656,1,0,6.56244409369372,0.0,4.990432586778736,1,-0.08633026633263886,-0.5377963218639299,0.07029215655616451,0.6232091932024679,1.268133803870741,0.5955197617444286
56,Leaside-Bennington,582,242,5,43.706587924742266,-79.36846281185566,0.41580756013745707,0.0,1897.0,1886.6666666666665,255.0,20.334016393442624,2.4174064793393315,1,0,6.368187186350492,0.0,5.545177444479562,1,-0.8175537755915118,-1.4518392338179313,0.07029215655616451,0.7247043389010691,1.0678269338976316,0.565876244462076
105,Lawrence Park North,513,189,5,43.7293528957115,-79.40492553840156,0.3684210526315789,0.0,1897.0,1886.6666666666665,105.0,33.56962025316456,0.3878335875993632,1,0,6.2422232654551655,0.0,4.663439094112067,1,-0.8147803329203234,-3.4443335312551535,0.07029215655616451,0.7807296593266969,0.8595263034891258,0.5201936514672125
37,Willowdale West,1035,733,5,43.77292243497585,-79.42147966570047,0.7082125603864734,0.0,1897.0,1886.6666666666665,178.0,19.135593220338983,0.8530113475266842,1,0,6.943122422819428,0.0,5.187385805840755,1,0.1374118337534809,0.064210086420648,0.07029215655616451,0.3568859308893384,1.1819397265464864,0.4897645598532132
114,Lambton Baby Point,353,218,5,43.659599358923515,-79.49589196005665,0.6175637393767706,1.0,1100.0,1100.0,12.0,23.75,1.0939538658079604,0,0,5.869296913133774,0.6931471805599453,2.5649493574615367,0,-0.312665700057582,-1.5409213772594252,0.590743306425895,0.9106434458209064,-0.1005951521378976,0.4793118106752607
50,Newtonbrook East,853,453,5,43.79050495451349,-79.40906646295427,0.5310668229777257,0.0,1897.0,1886.6666666666665,166.0,18.81081081081081,1.1615049008757838,1,0,6.74993119378857,0.0,5.117993812416755,1,-0.4121982893030798,-0.739089721293135,0.07029215655616451,0.5046628630265018,0.9660996634989178,0.46934562058009166
64,Woodbine Corridor,877,603,5,43.677090808551874,-79.31579236830103,0.6875712656784493,1.0,950.0,950.0,36.0,22.053571428571427,0.978022873847027,0,0,6.777646593635117,0.6931471805599453,3.6109179126442243,0,0.688419562013255,-0.46976398074160736,0.6886952166899597,0.4851757950523703,0.1191355846597496,0.45677150058961985
61,Taylor-Massey,1147,794,5,43.6941264956408,-79.29521113722755,0.6922406277244987,2.0,900.0,900.0,24.0,14.941176470588236,0.5224817030881443,0,0,7.045776576879511,1.0986122886681098,3.2188758248682006,0,0.7916277853714558,0.42344676658254177,0.721345853444648,0.2659462803433918,0.2264862549728074,0.436268101972719
63,The Beaches,1116,685,5,43.671719019802865,-79.29887073512545,0.6137992831541219,1.0,1300.0,1300.0,152.0,19.977777777777778,1.9394925500123015,0,0,7.018401799069201,0.6931471805599453,5.030437921392435,0,1.0551107244982825,-0.3699851513145118,0.46014075940714205,0.29111707647664486,0.5374368361515445,0.43262247755131367
66,Danforth,841,558,5,43.68278308454221,-79.33039257265162,0.6634958382877527,0.0,1897.0,1886.6666666666665,75.0,18.153846153846153,0.02684755796244517,1,0,6.7357800142423265,0.0,4.330733340286331,1,-0.3127955084187964,-0.27951256504382027,0.07029215655616451,0.5144063970135675,0.7988611634354301,0.42209713075716504
74,North St.James Town,1721,1199,5,43.66922030546194,-79.37456313579314,0.6966879721092388,57.0,2000.0,30212.929824561405,206.0,17.705479452054796,0.37100873127310363,0,0,7.451241684987676,4.060443010546419,5.332718793265369,0,3.3146676196937066,0.08394719722186929,0.0030318448415067437,-0.20011942870458482,1.5849692507657673,0.4166676845549574
99,Mount Pleasant East,509,251,5,43.70771251807465,-79.3854461848723,0.4931237721021611,0.0,1897.0,1886.6666666666665,94.0,18.636986301369863,1.0664405449807648,1,0,6.234410725718371,0.0,4.553876891600541,1,-0.9699522150754523,-1.2340701248571275,0.07029215655616451,0.7839775039890522,0.4942384490872207,0.4115816485453476
91,Weston-Pellam Park,858,626,5,43.67264146759907,-79.45915545559441,0.7296037296037297,1.0,1000.0,1000.0,68.0,16.47872340425532,1.81421479645923,0,0,6.755768921984255,0.6931471805599453,4.23410650459726,0,0.7965735390378883,0.38617199801939606,0.6560445799352715,0.5006030571985577,-0.006989607800452435,0.41050186679354017
35,Westminster-Branson,1218,753,5,43.78104048973728,-79.44916259425287,0.6182266009852216,2.0,1867.0,1867.0,255.0,20.21556886227545,2.6705754838027946,0,0,7.105786129481271,1.0986122886681098,5.545177444479562,0,1.4291397323394206,-0.3245427168619265,0.08988253860897746,0.2082970375865863,0.96073510464569,0.3866626581132739
